{"cameraMode":{"drawMode":0,"name":"Shaded","section":"Shading Mode"},"sceneLighting":false,"audioPlay":false,"sceneViewState":{"m_AlwaysRefresh":false,"showFog":true,"showSkybox":false,"showFlares":true,"showImageEffects":true,"showParticleSystems":true,"showVisualEffectGraphs":true,"m_FxEnabled":true},"in2DMode":false,"pivot":{"x":-0.11091303825378418,"y":2.861497163772583,"z":1.7777855396270753},"rotation":{"x":0.014250565320253373,"y":0.9653278589248657,"z":-0.2550518810749054,"w":0.05392159894108772},"size":2.0898475646972658,"orthographic":false}