{"cameraMode":{"drawMode":0,"name":"Shaded","section":"Shading Mode"},"sceneLighting":false,"audioPlay":false,"sceneViewState":{"m_AlwaysRefresh":false,"showFog":true,"showSkybox":false,"showFlares":true,"showImageEffects":true,"showParticleSystems":true,"showVisualEffectGraphs":true,"m_FxEnabled":true},"in2DMode":false,"pivot":{"x":-0.7342184782028198,"y":5.084069728851318,"z":-4.604438781738281},"rotation":{"x":0.39031609892845156,"y":-0.07307518273591995,"z":0.031109310686588289,"w":0.9172704815864563},"size":0.906917929649353,"orthographic":false}